{"sigma": 0.1120605, "mPi": 0.1493633, "mD": 0.9931611}