{"sigma": 0.1128659, "mPi": 0.1488294, "mD": 0.7211032}