{"sigma": 0.04366487, "mPi": 0.2392786, "mD": 0.5716924}