{"sigma": 0.1011831, "mPi": 0.1571867, "mD": 0.3277494}