{"sigma": 0.09795928, "mPi": 0.1597523, "mD": 0.5292003}