{"sigma": 0.1153582, "mPi": 0.1472128, "mD": 1.810951}