{"sigma": 0.002030175, "mPi": 1.109694, "mD": 1.397329}