{"sigma": 0.002348485, "mPi": 1.031754, "mD": 1.421789}