{"sigma": 0.002032044, "mPi": 1.109184, "mD": 1.330341}