{"sigma": 0.1469778, "mPi": 0.13042, "mD": 0.7253456}