{"sigma": 0.002031667, "mPi": 1.109287, "mD": 1.407102}