{"sigma": 0.002230307, "mPi": 1.058736, "mD": 2.13522}