{"sigma": 0.1059279, "mPi": 0.1536261, "mD": 0.5560621}