{"sigma": 0.07832086, "mPi": 0.1786616, "mD": 0.8699377}