{"sigma": 0.08397246, "mPi": 0.1725447, "mD": 0.9156169}