{"sigma": 0.1043637, "mPi": 0.1547731, "mD": 0.6143885}