{"sigma": 0.002113726, "mPi": 1.087541, "mD": 1.380683}