{"sigma": 0.002115571, "mPi": 1.087067, "mD": 1.314928}