{"sigma": 0.09565825, "mPi": 0.1616623, "mD": 0.515579}