{"sigma": 0.08879535, "mPi": 0.1677934, "mD": 0.5521696}