{"sigma": 0.1209826, "mPi": 0.1437502, "mD": 0.8879991}