{"sigma": 0.07033425, "mPi": 0.1885327, "mD": 0.9639254}