{"sigma": 0.04825215, "mPi": 0.2276207, "mD": 0.563366}