{"sigma": 0.1017012, "mPi": 0.1567859, "mD": 0.5599457}