{"sigma": 0.1333656, "mPi": 0.1369141, "mD": 0.9863686}