{"sigma": 0.001885256, "mPi": 1.151555, "mD": 1.380674}