{"sigma": 0.002096609, "mPi": 1.091971, "mD": 1.354677}