{"sigma": 0.1162881, "mPi": 0.1466231, "mD": 0.6237086}