{"sigma": 0.1008331, "mPi": 0.1574593, "mD": 0.8480006}