{"sigma": 0.002101816, "mPi": 1.090618, "mD": 1.370199}