{"sigma": 0.08230739, "mPi": 0.1742812, "mD": 0.449013}