{"sigma": 0.002157607, "mPi": 1.076425, "mD": 1.504341}