{"sigma": 0.09707583, "mPi": 0.1604776, "mD": 0.3551439}