{"sigma": 0.05509124, "mPi": 0.2130241, "mD": 1.426485}