{"sigma": 0.002385554, "mPi": 1.023706, "mD": 1.78103}