{"sigma": 0.09797782, "mPi": 0.1597372, "mD": 0.5914848}