{"sigma": 0.1089749, "mPi": 0.1514631, "mD": 0.6443123}