{"sigma": 0.08468178, "mPi": 0.1718205, "mD": 1.086368}