{"sigma": 0.08867262, "mPi": 0.1679095, "mD": 0.56509}