{"sigma": 0.0997809, "mPi": 0.1582874, "mD": 1.110091}