{
    "physical" : {
        "Lambda" : 1.0000000000000000e+00,
        "Nc" : 3.0000000000000000e+00,
        "Nf" : 2.0000000000000000e+00,
        "T" : 1.0000000000000000e-03,
        "muq" : 1.0000000000000000e-03,
        "m2Phi" : 1.3465723862798568e-01,
        "m2D" : 5.0116455396130521e-01,
        "lambdaPhi" : 1.2401115165443184e+02,
        "lambdaD" : 0.0000000000000000e+00,
        "lambdaDPhi" : 0.0000000000000000e+00,
        "hPhi" : 7.2699999999999996e+00,
        "hD" : 4.8499999999999996e+00,
        "cSigma" : 2.5000000000000001e-03,
        "sAmp" : 1.0000000000000001e-01,
        "sWidth" : 1.0000000000000001e-01
    },
    "integration" : {
        "x_quadrature_order" : 32,
        "angle_quadrature_order" : 8,
        "x0_quadrature_order" : 16,
        "x0_summands" : 8,
        "q0_quadrature_order" : 16,
        "q0_summands" : 8,
        "x_extent_tolerance" : 1.0000000000000000e-04,
        "x0_extent_tolerance" : 1.0000000000000000e-04,
        "q0_extent_tolerance" : 1.0000000000000000e-04,
        "jacobian_quadrature_factor" : 5.0000000000000000e-01,
        "cudathreadsperblock" : 32
    },
    "discretization" : {
        "fe_order" : 2,
        "threads" : 16,
        "batch_size" : 8,
        "overintegration" : 0,
        "output_subdivisions" : 4,
        "EoM_abs_tol" : 1.0000000000000000e-10,
        "EoM_max_iter" : 200,
        "grid" : {
            "x_grid" : "0:1e-4:7e-3, 7e-3:5e-4:9e-3, 9e-3:1e-3:1.1e-2",
            "y_grid" : "0:1e-4:7e-3, 7e-3:5e-4:9e-3",
            "z_grid" : "0:0.1:1",
            "refine" : 0
        },
        "adaptivity" : {
            "start_adapt_at" : 0.0000000000000000e+00,
            "adapt_dt" : 1.0000000000000001e-01,
            "level" : 0,
            "refine_percent" : 1.0000000000000001e-01,
            "coarsen_percent" : 5.0000000000000003e-02
        }
    },
    "timestepping" : {
        "final_time" : 4.0000000000000000e+00,
        "output_dt" : 1.0000000000000001e-01,
        "explicit" : {
            "dt" : 5.0000000000000001e-03,
            "minimal_dt" : 9.9999999999999995e-07,
            "maximal_dt" : 5.0000000000000003e-02,
            "abs_tol" : 0.0000000000000000e+00,
            "rel_tol" : 1.0000000000000001e-05
        },
        "implicit" : {
            "dt" : 1.0000000000000001e-05,
            "minimal_dt" : 9.9999999999999995e-07,
            "maximal_dt" : 1.0000000000000001e-01,
            "abs_tol" : 1.0000000000000000e-10,
            "rel_tol" : 9.9999999999999995e-08
        }
    },
    "output" : {
        "verbosity" : 1,
        "folder" : "./",
        "name" : "output"
    }
}
