{"sigma": 0.05491201, "mPi": 0.2133715, "mD": 1.788764}