{"sigma": 0.001978765, "mPi": 1.124017, "mD": 1.318154}