{"sigma": 0.09074634, "mPi": 0.1659799, "mD": 0.2945822}