{"sigma": 0.1412587, "mPi": 0.1330339, "mD": 0.4567447}