{"sigma": 0.1244717, "mPi": 0.1417212, "mD": 0.6936044}