{"sigma": 0.1276193, "mPi": 0.1399625, "mD": 0.5625881}