{"sigma": 0.003518909, "mPi": 0.8428804, "mD": 1.392545}