{"sigma": 0.09517199, "mPi": 0.1620748, "mD": 0.5907584}