{"sigma": 0.002578369, "mPi": 0.9846853, "mD": 1.514408}