{"sigma": 0.08560503, "mPi": 0.1708915, "mD": 0.6213786}