{"sigma": 0.08859915, "mPi": 0.1679791, "mD": 0.5018384}