{"sigma": 0.002155006, "mPi": 1.077074, "mD": 1.345383}