{"sigma": 0.1091049, "mPi": 0.1513728, "mD": 0.9501711}