{"sigma": 0.1349447, "mPi": 0.1361106, "mD": 0.6731959}