{"sigma": 0.1002644, "mPi": 0.1579052, "mD": 0.7950648}