{"sigma": 0.002523151, "mPi": 0.9954017, "mD": 1.392344}