{"sigma": 0.07978402, "mPi": 0.1770158, "mD": 0.4181107}