{"sigma": 0.002065233, "mPi": 1.100235, "mD": 1.325884}