{"sigma": 0.1207847, "mPi": 0.143868, "mD": 0.8113771}