{"sigma": 0.09660845, "mPi": 0.1608653, "mD": 2.123134}