{"sigma": 0.09861498, "mPi": 0.1592203, "mD": 0.6402282}