{"sigma": 0.002295986, "mPi": 1.043483, "mD": 1.348986}