{"sigma": 0.1137753, "mPi": 0.1482334, "mD": 0.4432382}