{"sigma": 0.08843036, "mPi": 0.1681393, "mD": 0.5036046}