{"sigma": 0.03420286, "mPi": 0.2703577, "mD": 1.862887}