{"sigma": 0.1098792, "mPi": 0.1508385, "mD": 1.628886}