{"sigma": 0.09566148, "mPi": 0.1616596, "mD": 1.4369}