{"sigma": 0.001862545, "mPi": 1.158555, "mD": 2.304744}