{"sigma": 0.002216036, "mPi": 1.06214, "mD": 1.4025}