{"sigma": 0.002427956, "mPi": 1.014728, "mD": 1.312305}