{"sigma": 0.07946696, "mPi": 0.1773686, "mD": 0.9494252}