{"sigma": 0.001483874, "mPi": 1.297991, "mD": 1.41121}