{"sigma": 0.002209329, "mPi": 1.063751, "mD": 1.326797}