{"sigma": 0.09587425, "mPi": 0.1614801, "mD": 0.7161226}