{"sigma": 0.07421157, "mPi": 0.1835415, "mD": 0.7757398}