{"sigma": 0.002720234, "mPi": 0.958665, "mD": 1.314196}