{"sigma": 0.002053127, "mPi": 1.103474, "mD": 1.286669}