{"sigma": 0.00185596, "mPi": 1.160608, "mD": 1.382722}