{"sigma": 0.09478877, "mPi": 0.1624021, "mD": 1.898679}