{"sigma": 0.09726387, "mPi": 0.1603224, "mD": 0.5721674}