{"sigma": 0.1019366, "mPi": 0.1566047, "mD": 0.8205721}