{"sigma": 0.109096, "mPi": 0.151379, "mD": 0.7974992}