{"sigma": 0.05918854, "mPi": 0.2055186, "mD": 0.9113224}