{"sigma": 0.05728169, "mPi": 0.2089114, "mD": 0.5067236}