{"sigma": 0.09333341, "mPi": 0.1636633, "mD": 0.4960929}