{"sigma": 0.00376352, "mPi": 0.8150286, "mD": 1.289334}