{"sigma": 0.002977257, "mPi": 0.916351, "mD": 1.381873}