{"sigma": 0.002742994, "mPi": 0.9546795, "mD": 1.424208}