{"sigma": 0.002056365, "mPi": 1.102605, "mD": 1.322166}