{"sigma": 0.09423954, "mPi": 0.1628746, "mD": 1.65623}