{"sigma": 0.002451494, "mPi": 1.009845, "mD": 1.308438}