{"sigma": 0.1073206, "mPi": 0.152626, "mD": 0.8938481}