{"sigma": 0.1110157, "mPi": 0.1500645, "mD": 0.4503566}