{"sigma": 0.0426951, "mPi": 0.2419808, "mD": 1.971828}