{"sigma": 0.1050113, "mPi": 0.154295, "mD": 0.3976544}