{"sigma": 0.1074009, "mPi": 0.1525689, "mD": 0.4991}