{"sigma": 0.08902096, "mPi": 0.1675807, "mD": 0.5881948}