{"sigma": 0.09334964, "mPi": 0.1636491, "mD": 0.4042213}