{"sigma": 0.107007, "mPi": 0.1528495, "mD": 0.806442}