{"sigma": 0.002200589, "mPi": 1.065861, "mD": 1.429824}