{"sigma": 0.05616314, "mPi": 0.2109815, "mD": 0.7775674}