{"sigma": 0.002789281, "mPi": 0.946725, "mD": 1.284464}