{"sigma": 0.1201087, "mPi": 0.1442722, "mD": 0.5029238}