{"sigma": 0.002107713, "mPi": 1.089091, "mD": 1.318467}