{"sigma": 0.002446978, "mPi": 1.010776, "mD": 1.330617}