{"sigma": 0.1454795, "mPi": 0.1310899, "mD": 0.660916}