{"sigma": 0.1171798, "mPi": 0.1460642, "mD": 0.6626907}