{"sigma": 0.00222511, "mPi": 1.059972, "mD": 1.304784}